{
    "right_foot": {
        "X": 0.2,
        "Y": 0.1,
        "Z": 0.01,
        "friction": 0.5,
        "pos": [
            -4.1245326087846479e-07,
            0.0,
            0.057613462209701538
        ],
        "robot_link": 13,
        "rpy": [
            -0.71244569943322367,
            0.0017363430578432853,
            0.00012478226610206157
        ],
        "visible": true
    }
}
