{
    "left_foot": {
        "X": 0.2,
        "Y": 0.1,
        "Z": 0.01,
        "friction": 0.5,
        "pos": [
            0.57785779237747192,
            0.38709041476249695,
            0.10231213271617889
        ],
        "robot_link": 20,
        "rpy": [
            0.47008350104274976,
            5.3997125596541066e-08,
            1.2930581213820404e-08
        ],
        "visible": true
    },
    "right_foot": {
        "X": 0.2,
        "Y": 0.1,
        "Z": 0.01,
        "friction": 0.5,
        "pos": [
            -4.1245326087846479e-07,
            -0.31870916485786438,
            0.057613462209701538
        ],
        "robot_link": 13,
        "rpy": [
            -0.71244569943322367,
            0.0017363430578432853,
            0.00012478226610206157
        ],
        "visible": true
    }
}
